Methode,Taille,Temps,Hauteur,,,
progdyn,100,0.0086668,6896.8,,,
progdyn,500,0.1180849,86032.3,,,
progdyn,1000,0.4248998,250130.3,,,
progdyn,5000,8.3914273,2929010.2,,,
progdyn,10000,32.2182686,8465433,,,
progdyn,50000,542.790364,31145838,,,
progdyn,100000,3268.24921,48233440.7,,,