Methode,Taille,Temps
tabu,100,0.046041
tabu,500,0.468451
tabu,1000,1.365673
tabu,5000,18.001038
tabu,10000,65.351160
tabu,50000,812.222155
tabu,100000,2978.949579